"atlas_block","sr_total","sr_Atlas1","sr_Atlas2","sr_diff","sr_diff_z"
"4208758CE",82,65,73,8,-0.748528949534427
"4208851CE",88,73,81,8,-0.748528949534427
"4208852CE",104,85,87,2,-0.925938942761816
"4208853CE",84,70,74,4,-0.866802278352687
"4208854CE",90,71,83,12,-0.630255620716167
"4208855CE",115,99,95,-4,-1.10334893598921
"4208857CE",77,52,73,21,-0.364140630875083
"4208862SE",150,97,144,47,0.404636006443604
"4208863CE",125,76,116,40,0.19765768101165
"4208867CE",54,37,46,9,-0.718960617329862
"4208872CE",90,60,80,20,-0.393708963079648
"4208873CE",92,46,85,39,0.168089348807085
"4208874NW",126,92,120,28,-0.157162305443129
"4208882CE",85,66,76,10,-0.689392285125297
"4208884CE",107,73,99,26,-0.216298969852259
"4208885CE",108,79,92,13,-0.600687288511602
"4208887CE",105,82,91,9,-0.718960617329862
"4208888CE",107,72,97,25,-0.245867302056824
"4208888SE",120,81,114,33,-0.0093206444203047
"4208958CE",85,62,79,17,-0.482413959693343
"4208961CE",113,63,106,43,0.286362677625344
"4208964CE",100,83,94,11,-0.659823952920732
"4208965CE",97,75,81,6,-0.807665613943557
"4208966CE",83,60,72,12,-0.630255620716167
"4208967CE",91,84,79,-5,-1.13291726819377
"4208971CE",106,62,92,30,-0.0980256410339994
"4208972CE",101,63,94,31,-0.0684573088294345
"4208974NW",121,105,111,6,-0.807665613943557
"4208975CE",94,74,84,10,-0.689392285125297
"4208976CE",96,81,88,7,-0.778097281738992
"4208977CE",96,84,88,4,-0.866802278352687
"4208978CE",93,80,85,5,-0.837233946148122
"4208981CE",117,74,110,36,0.07938435219339
"4208983CE",110,83,95,12,-0.630255620716167
"4208985CE",107,75,99,24,-0.275435634261389
"4208986CE",99,69,91,22,-0.334572298670519
"4208987CE",84,70,75,5,-0.837233946148122
"4208988CE",101,76,97,21,-0.364140630875083
"4208988NE",82,65,77,12,-0.630255620716167
"4209051CE",83,73,72,-1,-1.01464393937551
"4209053CE",76,59,68,9,-0.718960617329862
"4209054CE",68,58,65,7,-0.778097281738992
"4209055CE",64,54,56,2,-0.925938942761816
"4209062CE",81,57,74,17,-0.482413959693343
"4209064CE",65,55,56,1,-0.955507274966381
"4209066CE",82,62,77,15,-0.541550624102473
"4209067CE",98,75,88,13,-0.600687288511602
"4209068CE",101,83,92,9,-0.718960617329862
"4209072CE",87,71,79,8,-0.748528949534427
"4209073CE",83,61,75,14,-0.571118956307038
"4209074CE",74,56,66,10,-0.689392285125297
"4209075CE",76,56,70,14,-0.571118956307038
"4209077CE",76,66,69,3,-0.896370610557251
"4209078CE",80,62,73,11,-0.659823952920732
"4209082CE",81,61,75,14,-0.571118956307038
"4209085CE",82,63,75,12,-0.630255620716167
"4209086CE",75,55,63,8,-0.748528949534427
"4209087CE",83,64,71,7,-0.778097281738992
"4209088CE",68,55,61,6,-0.807665613943557
"4209181CE",81,67,73,6,-0.807665613943557
"4209181NW",153,92,147,55,0.641182664080123
"4209182CE",94,78,84,6,-0.807665613943557
"4308718CE",172,65,171,106,2.14916760651293
"4308728CE",161,82,157,75,1.23254930817142
"4308738CE",113,76,105,29,-0.127593973238564
"4308748CE",141,87,125,38,0.13852101660252
"4308758CE",101,65,93,28,-0.157162305443129
"4308767CE",82,61,73,12,-0.630255620716167
"4308768CE",77,57,68,11,-0.659823952920732
"4308777CE",92,62,83,21,-0.364140630875083
"4308787CE",107,67,102,35,0.0498160199888251
"4308788CE",135,97,117,20,-0.393708963079648
"4308811CE",121,57,114,57,0.700319328489253
"4308812CE",75,58,65,7,-0.778097281738992
"4308813CE",86,69,70,1,-0.955507274966381
"4308815CE",104,74,95,21,-0.364140630875083
"4308816CE",86,70,76,6,-0.807665613943557
"4308817CE",116,70,112,42,0.256794345420779
"4308818CE",160,89,157,68,1.02557098273947
"4308822CE",90,72,77,5,-0.837233946148122
"4308823CE",80,68,69,1,-0.955507274966381
"4308824CE",95,78,74,-4,-1.10334893598921
"4308825CE",109,71,103,32,-0.0388889766248696
"4308828CE",101,69,93,24,-0.275435634261389
"4308828CW",92,71,81,10,-0.689392285125297
"4308832CE",77,59,70,11,-0.659823952920732
"4308832NE",104,79,90,11,-0.659823952920732
"4308833CE",113,100,93,-7,-1.1920539326029
"4308834CE",87,73,74,1,-0.955507274966381
"4308837CE",92,68,83,15,-0.541550624102473
"4308841CE",150,90,144,54,0.611614331875558
"4308841SE",173,108,167,59,0.759455992898383
"4308842CE",112,86,100,14,-0.571118956307038
"4308843CE",107,81,93,12,-0.630255620716167
"4308844CE",95,67,88,21,-0.364140630875083
"4308846CE",113,75,109,34,0.0202476877842602
"4308847CE",126,71,121,50,0.493341003057298
"4308852CE",131,114,110,-4,-1.10334893598921
"4308852NE",157,110,149,39,0.168089348807085
"4308853CE",88,64,77,13,-0.600687288511602
"4308854CE",98,85,84,-1,-1.01464393937551
"4308861CE",112,84,107,23,-0.305003966465954
"4308862CE",140,108,127,19,-0.423277295284213
"4308863CE",86,64,76,12,-0.630255620716167
"4308868CE",80,59,73,14,-0.571118956307038
"4308871CE",118,99,87,-12,-1.33989559362572
"4308872CE",108,81,98,17,-0.482413959693343
"4308875CE",100,67,92,25,-0.245867302056824
"4308878CE",111,74,101,27,-0.186730637647694
"4308881CE",116,80,100,20,-0.393708963079648
"4308882CE",113,64,104,40,0.19765768101165
"4308883CE",96,71,85,14,-0.571118956307038
"4308885CE",84,62,73,11,-0.659823952920732
"4308887CE",119,105,95,-10,-1.2807589292166
"4308887SE",104,68,98,30,-0.0980256410339994
"4308888CE",106,70,95,25,-0.245867302056824
"4308913CE",110,73,102,29,-0.127593973238564
"4308914CE",158,77,152,75,1.23254930817142
"4308915CE",86,60,76,16,-0.511982291897908
"4308916CE",104,76,102,26,-0.216298969852259
"4308917CE",94,68,84,16,-0.511982291897908
"4308918CE",124,81,119,38,0.13852101660252
"4308923CE",124,69,119,50,0.493341003057298
"4308925CE",106,60,94,34,0.0202476877842602
"4308926CE",111,87,92,5,-0.837233946148122
"4308927CE",108,74,103,29,-0.127593973238564
"4308928CE",156,94,150,56,0.670750996284688
"4308931CE",83,68,73,5,-0.837233946148122
"4308932CE",93,74,78,4,-0.866802278352687
"4308933CE",116,78,105,27,-0.186730637647694
"4308935CE",107,69,99,30,-0.0980256410339994
"4308936CE",110,75,101,26,-0.216298969852259
"4308936NW",114,85,109,24,-0.275435634261389
"4308938CE",95,82,87,5,-0.837233946148122
"4308938NE",126,98,118,20,-0.393708963079648
"4308938NW",140,115,130,15,-0.541550624102473
"4308941CE",104,69,83,14,-0.571118956307038
"4308942CE",124,112,107,-5,-1.13291726819377
"4308943CE",130,79,125,46,0.375067674239039
"4308944CE",121,96,108,12,-0.630255620716167
"4308946CE",116,91,103,12,-0.630255620716167
"4308946SW",151,120,137,17,-0.482413959693343
"4308947CE",108,67,96,29,-0.127593973238564
"4308947SE",143,100,138,38,0.13852101660252
"4308948CE",91,69,86,17,-0.482413959693343
"4308951CE",84,61,74,13,-0.600687288511602
"4308952CE",95,77,86,9,-0.718960617329862
"4308953CE",93,77,84,7,-0.778097281738992
"4308954CE",119,89,108,19,-0.423277295284213
"4308955CE",117,93,105,12,-0.630255620716167
"4308956CE",124,86,120,34,0.0202476877842602
"4308958CE",110,88,92,4,-0.866802278352687
"4308961CE",71,60,55,-5,-1.13291726819377
"4308962CE",116,74,110,36,0.07938435219339
"4308962NW",145,110,126,16,-0.511982291897908
"4308963CE",111,72,108,36,0.07938435219339
"4308964CE",106,89,98,9,-0.718960617329862
"4308965CE",102,86,81,-5,-1.13291726819377
"4308966CE",101,78,89,11,-0.659823952920732
"4308967CE",110,84,99,15,-0.541550624102473
"4308971CE",123,68,117,49,0.463772670852734
"4308972CE",122,99,109,10,-0.689392285125297
"4308973CE",111,87,100,13,-0.600687288511602
"4308974CE",89,80,71,-9,-1.25119059701203
"4308975CE",105,78,94,16,-0.511982291897908
"4308976CE",106,88,89,1,-0.955507274966381
"4308978CE",110,95,82,-13,-1.36946392583029
"4308981CE",134,93,126,33,-0.0093206444203047
"4308981CW",136,91,129,38,0.13852101660252
"4308982CE",121,88,109,21,-0.364140630875083
"4308983CE",108,92,89,-3,-1.07378060378464
"4308983SE",135,112,118,6,-0.807665613943557
"4308984CE",94,78,77,-1,-1.01464393937551
"4308985CE",98,73,92,19,-0.423277295284213
"4308986CE",88,70,77,7,-0.778097281738992
"4309011SW",158,87,151,64,0.907297653921207
"4309012CE",90,67,87,20,-0.393708963079648
"4309013CE",85,71,82,11,-0.659823952920732
"4309014CE",82,61,77,16,-0.511982291897908
"4309015CE",95,70,92,22,-0.334572298670519
"4309016CE",77,64,71,7,-0.778097281738992
"4309017CE",91,76,82,6,-0.807665613943557
"4309017NW",104,91,86,-5,-1.13291726819377
"4309018CE",112,90,103,13,-0.600687288511602
"4309021CE",132,93,124,31,-0.0684573088294345
"4309022CE",154,84,150,66,0.966434318330337
"4309023CE",115,83,110,27,-0.186730637647694
"4309024CE",130,95,124,29,-0.127593973238564
"4309025CE",128,78,122,44,0.315931009829909
"4309026CE",108,86,100,14,-0.571118956307038
"4309027CE",90,71,80,9,-0.718960617329862
"4309028CE",104,90,93,3,-0.896370610557251
"4309031CE",97,81,90,9,-0.718960617329862
"4309032CE",98,78,95,17,-0.482413959693343
"4309033CE",94,82,82,0,-0.985075607170946
"4309034CE",93,59,86,27,-0.186730637647694
"4309035CE",97,78,87,9,-0.718960617329862
"4309036CE",92,76,84,8,-0.748528949534427
"4309037CE",82,72,76,4,-0.866802278352687
"4309038CE",81,54,72,18,-0.452845627488778
"4309041CE",82,68,71,3,-0.896370610557251
"4309042CE",87,77,76,-1,-1.01464393937551
"4309044CE",97,73,90,17,-0.482413959693343
"4309045CE",94,80,81,1,-0.955507274966381
"4309046CE",83,67,76,9,-0.718960617329862
"4309047CE",93,71,81,10,-0.689392285125297
"4309051CE",94,83,86,3,-0.896370610557251
"4309052CE",104,86,94,8,-0.748528949534427
"4309053CE",87,74,81,7,-0.778097281738992
"4309055CE",104,74,99,25,-0.245867302056824
"4309056CE",108,78,102,24,-0.275435634261389
"4309057CE",91,68,88,20,-0.393708963079648
"4309058CE",89,68,77,9,-0.718960617329862
"4309061CE",116,100,102,2,-0.925938942761816
"4309062CE",101,89,78,-11,-1.31032726142116
"4309063CE",92,75,82,7,-0.778097281738992
"4309065CE",85,69,80,11,-0.659823952920732
"4309065SW",109,94,98,4,-0.866802278352687
"4309066CE",76,70,65,-5,-1.13291726819377
"4309067CE",100,75,88,13,-0.600687288511602
"4309068CE",91,79,74,-5,-1.13291726819377
"4309071CE",104,85,87,2,-0.925938942761816
"4309072CE",94,73,88,15,-0.541550624102473
"4309073CE",88,63,82,19,-0.423277295284213
"4309074CE",105,82,96,14,-0.571118956307038
"4309075CE",99,81,91,10,-0.689392285125297
"4309076CE",90,74,83,9,-0.718960617329862
"4309077CE",121,87,115,28,-0.157162305443129
"4309078CE",85,77,70,-7,-1.1920539326029
"4309081CE",101,72,90,18,-0.452845627488778
"4309083CE",111,86,101,15,-0.541550624102473
"4309085CE",91,81,81,0,-0.985075607170946
"4309086CE",109,96,89,-7,-1.1920539326029
"4309086NE",117,97,102,5,-0.837233946148122
"4309087CE",124,79,108,29,-0.127593973238564
"4309088CE",89,72,80,8,-0.748528949534427
"4309111CE",98,90,87,-3,-1.07378060378464
"4309112CE",118,85,102,17,-0.482413959693343
"4309131CE",96,73,87,14,-0.571118956307038
"4309141CE",84,60,81,21,-0.364140630875083
"4309142CE",91,69,84,15,-0.541550624102473
"4309151CE",85,73,69,-4,-1.10334893598921
"4309152CE",92,79,83,4,-0.866802278352687
"4309161CE",95,71,92,21,-0.364140630875083
"4309162CE",89,72,85,13,-0.600687288511602
"4309171CE",90,71,86,15,-0.541550624102473
"4309171NE",116,68,111,43,0.286362677625344
"4309181CE",89,73,78,5,-0.837233946148122
"4309182CE",79,68,69,1,-0.955507274966381
"4309183NW",150,115,131,16,-0.511982291897908
"4408717CE",103,72,88,16,-0.511982291897908
"4408725CE",134,107,114,7,-0.778097281738992
"4408727CE",135,102,118,16,-0.511982291897908
"4408728CE",91,74,76,2,-0.925938942761816
"4408736CE",110,96,93,-3,-1.07378060378464
"4408737CE",95,78,84,6,-0.807665613943557
"4408738CE",100,82,91,9,-0.718960617329862
"4408746CE",105,85,88,3,-0.896370610557251
"4408747CE",98,74,85,11,-0.659823952920732
"4408755CE",120,78,107,29,-0.127593973238564
"4408756CE",108,82,99,17,-0.482413959693343
"4408757CE",80,63,67,4,-0.866802278352687
"4408764CE",122,89,115,26,-0.216298969852259
"4408765CE",136,78,125,47,0.404636006443604
"4408766CE",112,97,94,-3,-1.07378060378464
"4408773CE",130,97,116,19,-0.423277295284213
"4408774CE",141,118,126,8,-0.748528949534427
"4408775CE",150,107,134,27,-0.186730637647694
"4408783CE",135,104,117,13,-0.600687288511602
"4408786NE",174,116,164,48,0.434204338648169
"4408787SW",116,73,108,35,0.0498160199888251
"4408811CE",142,95,126,31,-0.0684573088294345
"4408812CE",88,60,77,17,-0.482413959693343
"4408813CE",95,77,83,6,-0.807665613943557
"4408815CE",111,63,97,34,0.0202476877842602
"4408816CE",124,68,112,44,0.315931009829909
"4408817CE",99,73,87,14,-0.571118956307038
"4408818CE",112,74,107,33,-0.0093206444203047
"4408821CE",100,84,85,1,-0.955507274966381
"4408822CE",105,65,100,35,0.0498160199888251
"4408825CE",125,84,101,17,-0.482413959693343
"4408826CE",90,70,75,5,-0.837233946148122
"4408827CE",110,93,91,-2,-1.04421227158008
"4408828CE",98,75,86,11,-0.659823952920732
"4408831CE",118,92,100,8,-0.748528949534427
"4408832CE",94,72,78,6,-0.807665613943557
"4408833CE",85,65,75,10,-0.689392285125297
"4408834CE",110,77,99,22,-0.334572298670519
"4408835CE",116,86,100,14,-0.571118956307038
"4408836CE",134,84,122,38,0.13852101660252
"4408837CW",107,75,89,14,-0.571118956307038
"4408837NW",108,86,93,7,-0.778097281738992
"4408838CE",94,80,81,1,-0.955507274966381
"4408841CE",95,74,86,12,-0.630255620716167
"4408842CE",87,60,83,23,-0.305003966465954
"4408843CE",88,68,79,11,-0.659823952920732
"4408844CE",110,83,95,12,-0.630255620716167
"4408845CE",111,89,99,10,-0.689392285125297
"4408846CE",115,74,108,34,0.0202476877842602
"4408848CE",89,65,71,6,-0.807665613943557
"4408852CE",111,76,98,22,-0.334572298670519
"4408853CE",95,65,84,19,-0.423277295284213
"4408854CE",108,75,92,17,-0.482413959693343
"4408856CE",117,88,104,16,-0.511982291897908
"4408857CE",99,85,85,0,-0.985075607170946
"4408858CE",106,80,97,17,-0.482413959693343
"4408863CE",78,64,68,4,-0.866802278352687
"4408865SE",134,119,114,-5,-1.13291726819377
"4408867CE",108,78,97,19,-0.423277295284213
"4408868CE",114,100,95,-5,-1.13291726819377
"4408873CE",108,81,104,23,-0.305003966465954
"4408874CE",126,78,117,39,0.168089348807085
"4408875CE",124,107,109,2,-0.925938942761816
"4408876CE",98,74,85,11,-0.659823952920732
"4408877CE",115,76,98,22,-0.334572298670519
"4408878CE",87,63,76,13,-0.600687288511602
"4408881CE",104,77,86,9,-0.718960617329862
"4408884CE",114,95,101,6,-0.807665613943557
"4408885CE",100,78,83,5,-0.837233946148122
"4408886CE",100,86,86,0,-0.985075607170946
"4408887CE",127,98,115,17,-0.482413959693343
"4408888CE",112,96,98,2,-0.925938942761816
"4408912CE",96,71,89,18,-0.452845627488778
"4408913CE",119,85,103,18,-0.452845627488778
"4408914CE",102,81,92,11,-0.659823952920732
"4408915CE",82,65,72,7,-0.778097281738992
"4408918CE",93,68,83,15,-0.541550624102473
"4408921CE",104,83,97,14,-0.571118956307038
"4408922CE",96,67,88,21,-0.364140630875083
"4408923CE",100,84,84,0,-0.985075607170946
"4408925CE",92,65,75,10,-0.689392285125297
"4408927CE",112,93,103,10,-0.689392285125297
"4408928CE",100,74,86,12,-0.630255620716167
"4408931CE",90,69,83,14,-0.571118956307038
"4408932CE",122,79,105,26,-0.216298969852259
"4408933CE",98,84,88,4,-0.866802278352687
"4408938CE",112,85,105,20,-0.393708963079648
"4408941CE",112,80,101,21,-0.364140630875083
"4408942CE",109,94,84,-10,-1.2807589292166
"4408943CE",97,76,89,13,-0.600687288511602
"4408944CE",112,73,103,30,-0.0980256410339994
"4408945CE",87,66,76,10,-0.689392285125297
"4408946CE",85,69,75,6,-0.807665613943557
"4408948CE",96,75,85,10,-0.689392285125297
"4408951CE",113,100,87,-13,-1.36946392583029
"4408952CE",124,91,100,9,-0.718960617329862
"4408954CE",99,72,91,19,-0.423277295284213
"4408955CE",140,89,125,36,0.07938435219339
"4408956CE",105,74,93,19,-0.423277295284213
"4408957CE",106,82,91,9,-0.718960617329862
"4408958CE",103,82,90,8,-0.748528949534427
"4408961CE",106,90,90,0,-0.985075607170946
"4408962CE",104,81,91,10,-0.689392285125297
"4408963CE",111,92,92,0,-0.985075607170946
"4408964CE",105,89,92,3,-0.896370610557251
"4408965CE",103,81,91,10,-0.689392285125297
"4408965SW",124,94,93,-1,-1.01464393937551
"4408966CE",92,73,83,10,-0.689392285125297
"4408967CE",128,98,113,15,-0.541550624102473
"4408968CE",173,94,169,75,1.23254930817142
"4408971CE",101,79,78,-1,-1.01464393937551
"4408972CE",98,83,77,-6,-1.16248560039834
"4408973CE",101,80,95,15,-0.541550624102473
"4408975CE",101,77,96,19,-0.423277295284213
"4408976CE",101,85,80,-5,-1.13291726819377
"4408977CE",104,87,94,7,-0.778097281738992
"4408981CE",113,96,87,-9,-1.25119059701203
"4408982CE",101,81,79,-2,-1.04421227158008
"4408983CE",95,73,89,16,-0.511982291897908
"4408984CE",99,87,87,0,-0.985075607170946
"4408985CE",90,71,83,12,-0.630255620716167
"4408986CE",135,77,123,46,0.375067674239039
"4408987CE",107,80,98,18,-0.452845627488778
"4408988CE",96,82,79,-3,-1.07378060378464
"4409011CE",113,88,90,2,-0.925938942761816
"4409012CE",165,113,160,47,0.404636006443604
"4409013CE",116,103,93,-10,-1.2807589292166
"4409014CE",118,104,102,-2,-1.04421227158008
"4409015CE",101,82,90,8,-0.748528949534427
"4409016CE",104,93,88,-5,-1.13291726819377
"4409017CE",101,80,89,9,-0.718960617329862
"4409018CE",98,81,78,-3,-1.07378060378464
"4409021CE",94,68,82,14,-0.571118956307038
"4409022CE",126,113,104,-9,-1.25119059701203
"4409023CE",101,84,92,8,-0.748528949534427
"4409024CE",124,102,95,-7,-1.1920539326029
"4409024NE",116,90,89,-1,-1.01464393937551
"4409025CE",112,92,99,7,-0.778097281738992
"4409025NW",112,94,89,-5,-1.13291726819377
"4409026CE",114,100,88,-12,-1.33989559362572
"4409027CE",80,56,67,11,-0.659823952920732
"4409028CE",99,73,90,17,-0.482413959693343
"4409031CE",114,85,104,19,-0.423277295284213
"4409032CE",140,94,120,26,-0.216298969852259
"4409034CE",131,107,111,4,-0.866802278352687
"4409035CE",113,87,99,12,-0.630255620716167
"4409035CW",117,103,103,0,-0.985075607170946
"4409036CE",105,85,92,7,-0.778097281738992
"4409037CE",104,80,94,14,-0.571118956307038
"4409037NE",132,116,113,-3,-1.07378060378464
"4409038CE",82,64,69,5,-0.837233946148122
"4409041CE",110,76,100,24,-0.275435634261389
"4409043CE",112,82,104,22,-0.334572298670519
"4409044CE",95,77,89,12,-0.630255620716167
"4409045CE",119,100,107,7,-0.778097281738992
"4409046CE",104,95,72,-23,-1.66514724787594
"4409047CE",105,91,92,1,-0.955507274966381
"4409048CE",87,61,72,11,-0.659823952920732
"4409054CE",93,82,88,6,-0.807665613943557
"4409055CE",91,71,74,3,-0.896370610557251
"4409056CE",115,80,111,31,-0.0684573088294345
"4409057CE",91,61,86,25,-0.245867302056824
"4409058CE",104,81,95,14,-0.571118956307038
"4409061CE",108,72,100,28,-0.157162305443129
"4409062CE",113,85,98,13,-0.600687288511602
"4409064CE",95,75,87,12,-0.630255620716167
"4409065CE",96,73,80,7,-0.778097281738992
"4409066CE",105,80,94,14,-0.571118956307038
"4409067CE",99,83,89,6,-0.807665613943557
"4409072CE",93,65,87,22,-0.334572298670519
"4409073CE",96,72,88,16,-0.511982291897908
"4409074CE",97,75,90,15,-0.541550624102473
"4409075CE",87,50,75,25,-0.245867302056824
"4409076CE",92,75,73,-2,-1.04421227158008
"4409077CE",103,75,96,21,-0.364140630875083
"4409078CE",96,77,84,7,-0.778097281738992
"4409081CE",75,60,64,4,-0.866802278352687
"4409082CE",86,77,68,-9,-1.25119059701203
"4409084CE",86,72,72,0,-0.985075607170946
"4409085CE",102,78,81,3,-0.896370610557251
"4409086CE",94,80,82,2,-0.925938942761816
"4409087CE",84,65,67,2,-0.925938942761816
"4409088CE",85,69,76,7,-0.778097281738992
"4409111CE",106,84,94,10,-0.689392285125297
"4409112CE",91,80,77,-3,-1.07378060378464
"4409113CE",102,84,94,10,-0.689392285125297
"4409114CE",83,70,76,6,-0.807665613943557
"4409115CE",164,109,157,48,0.434204338648169
"4409121CE",91,61,83,22,-0.334572298670519
"4409122CE",100,90,83,-7,-1.1920539326029
"4409123CE",80,66,67,1,-0.955507274966381
"4409125CE",92,74,80,6,-0.807665613943557
"4409126CE",96,86,74,-12,-1.33989559362572
"4409127CE",104,89,92,3,-0.896370610557251
"4409131CE",95,72,90,18,-0.452845627488778
"4409132CE",100,79,84,5,-0.837233946148122
"4409133CE",103,74,91,17,-0.482413959693343
"4409134CE",86,68,77,9,-0.718960617329862
"4409135CE",86,70,80,10,-0.689392285125297
"4409136CE",91,73,87,14,-0.571118956307038
"4409137CE",92,75,85,10,-0.689392285125297
"4409142CE",89,71,79,8,-0.748528949534427
"4409143CE",92,72,81,9,-0.718960617329862
"4409147CE",112,97,101,4,-0.866802278352687
"4409151CE",106,81,92,11,-0.659823952920732
"4409152CE",92,70,83,13,-0.600687288511602
"4409154CE",88,64,82,18,-0.452845627488778
"4409155CE",93,71,82,11,-0.659823952920732
"4409156CE",92,74,86,12,-0.630255620716167
"4409157CE",83,71,71,0,-0.985075607170946
"4409158CE",79,64,65,1,-0.955507274966381
"4409161CE",123,89,113,24,-0.275435634261389
"4409161NE",93,74,82,8,-0.748528949534427
"4409163CE",91,69,84,15,-0.541550624102473
"4409164CE",108,79,89,10,-0.689392285125297
"4409165CE",94,75,69,-6,-1.16248560039834
"4409166CE",121,103,109,6,-0.807665613943557
"4409167CE",108,89,91,2,-0.925938942761816
"4409168CE",106,73,96,23,-0.305003966465954
"4409171CE",103,80,88,8,-0.748528949534427
"4409172CE",108,82,97,15,-0.541550624102473
"4409173CE",121,95,108,13,-0.600687288511602
"4409175CE",131,77,123,46,0.375067674239039
"4409177CE",109,74,106,32,-0.0388889766248696
"4409178CE",97,73,89,16,-0.511982291897908
"4409181CE",89,70,82,12,-0.630255620716167
"4409182CE",90,71,77,6,-0.807665613943557
"4409186CE",87,71,66,-5,-1.13291726819377
"4409188CE",134,79,126,47,0.404636006443604
"4409241CE",102,80,82,2,-0.925938942761816
"4409241NW",119,98,107,9,-0.718960617329862
"4409241SE",101,76,86,10,-0.689392285125297
"4409251CE",127,86,122,36,0.07938435219339
"4409252CE",107,80,93,13,-0.600687288511602
"4409253CE",93,75,84,9,-0.718960617329862
"4409261CE",86,70,75,5,-0.837233946148122
"4409262CE",77,64,69,5,-0.837233946148122
"4409263CE",79,65,72,7,-0.778097281738992
"4409264CE",75,60,67,7,-0.778097281738992
"4409265CE",86,62,84,22,-0.334572298670519
"4409266CE",83,65,78,13,-0.600687288511602
"4409271CE",88,63,85,22,-0.334572298670519
"4409272CE",91,70,80,10,-0.689392285125297
"4409273CE",98,88,85,-3,-1.07378060378464
"4409274CE",86,66,77,11,-0.659823952920732
"4409275CE",104,97,83,-14,-1.39903225803485
"4409276CE",90,75,78,3,-0.896370610557251
"4409281CE",89,64,85,21,-0.364140630875083
"4409282CE",94,68,85,17,-0.482413959693343
"4409284CE",78,55,71,16,-0.511982291897908
"4409285CE",88,74,76,2,-0.925938942761816
"4508628NW",120,94,98,4,-0.866802278352687
"4508711CW",138,80,134,54,0.611614331875558
"4508713CE",126,74,110,36,0.07938435219339
"4508716CE",109,81,94,13,-0.600687288511602
"4508717CE",124,80,116,36,0.07938435219339
"4508738CE",107,85,86,1,-0.955507274966381
"4508748CE",106,85,83,-2,-1.04421227158008
"4508758CE",101,56,97,41,0.227226013216214
"4508768CE",102,84,85,1,-0.955507274966381
"4508814CE",106,94,91,-3,-1.07378060378464
"4508815CE",105,85,81,-4,-1.10334893598921
"4508816CE",96,74,86,12,-0.630255620716167
"4508817CE",98,81,79,-2,-1.04421227158008
"4508818CE",96,70,88,18,-0.452845627488778
"4508821CE",99,74,91,17,-0.482413959693343
"4508822CE",100,79,78,-1,-1.01464393937551
"4508824CE",102,79,88,9,-0.718960617329862
"4508825CE",107,100,82,-18,-1.51730558685311
"4508826CE",105,82,82,0,-0.985075607170946
"4508827CE",106,89,86,-3,-1.07378060378464
"4508828CE",122,89,108,19,-0.423277295284213
"4508832CE",97,78,85,7,-0.778097281738992
"4508833CE",103,83,89,6,-0.807665613943557
"4508834CE",103,79,90,11,-0.659823952920732
"4508835CE",107,90,98,8,-0.748528949534427
"4508836CE",124,95,91,-4,-1.10334893598921
"4508837CE",84,60,61,1,-0.955507274966381
"4508838CE",96,76,82,6,-0.807665613943557
"4508841CE",95,82,71,-11,-1.31032726142116
"4508842CE",98,75,86,11,-0.659823952920732
"4508843CE",87,78,73,-5,-1.13291726819377
"4508844CE",96,79,86,7,-0.778097281738992
"4508847CE",105,87,88,1,-0.955507274966381
"4508848CE",88,77,74,-3,-1.07378060378464
"4508851CE",123,90,113,23,-0.305003966465954
"4508852CE",108,82,95,13,-0.600687288511602
"4508858CE",117,77,107,30,-0.0980256410339994
"4508861CE",97,85,77,-8,-1.22162226480747
"4508862CE",106,83,89,6,-0.807665613943557
"4508863CE",108,95,93,-2,-1.04421227158008
"4508864CE",98,82,86,4,-0.866802278352687
"4508865CE",102,81,87,6,-0.807665613943557
"4508866CE",97,76,77,1,-0.955507274966381
"4508868CE",99,84,80,-4,-1.10334893598921
"4508872CE",110,83,102,19,-0.423277295284213
"4508875CE",85,58,73,15,-0.541550624102473
"4508877CE",90,69,79,10,-0.689392285125297
"4508881SW",91,62,81,19,-0.423277295284213
"4508882CE",99,73,92,19,-0.423277295284213
"4508883CE",134,112,112,0,-0.985075607170946
"4508884CE",106,81,93,12,-0.630255620716167
"4508885CE",87,60,80,20,-0.393708963079648
"4508887CE",88,78,70,-8,-1.22162226480747
"4508888CE",100,86,79,-7,-1.1920539326029
"4508911CE",110,92,92,0,-0.985075607170946
"4508912CE",106,92,83,-9,-1.25119059701203
"4508913CE",113,102,93,-9,-1.25119059701203
"4508914CE",106,98,86,-12,-1.33989559362572
"4508915CE",104,78,99,21,-0.364140630875083
"4508917CE",96,77,82,5,-0.837233946148122
"4508918CE",98,85,83,-2,-1.04421227158008
"4508921CE",85,69,74,5,-0.837233946148122
"4508922CE",88,67,75,8,-0.748528949534427
"4508923CE",123,90,104,14,-0.571118956307038
"4508924CE",90,71,80,9,-0.718960617329862
"4508926CE",102,71,94,23,-0.305003966465954
"4508927CE",100,83,85,2,-0.925938942761816
"4508928CE",93,76,75,-1,-1.01464393937551
"4508931CE",95,85,70,-15,-1.42860059023942
"4508932CE",106,86,88,2,-0.925938942761816
"4508933CE",96,75,87,12,-0.630255620716167
"4508934CE",104,88,93,5,-0.837233946148122
"4508935CE",107,80,99,19,-0.423277295284213
"4508936CE",115,84,108,24,-0.275435634261389
"4508937CE",99,77,87,10,-0.689392285125297
"4508938CE",94,71,86,15,-0.541550624102473
"4508941CE",111,95,91,-4,-1.10334893598921
"4508942CE",115,89,98,9,-0.718960617329862
"4508943CE",106,89,83,-6,-1.16248560039834
"4508944CE",103,83,88,5,-0.837233946148122
"4508945CE",92,65,86,21,-0.364140630875083
"4508946CE",114,85,99,14,-0.571118956307038
"4508947CE",119,88,108,20,-0.393708963079648
"4508948CE",111,80,101,21,-0.364140630875083
"4508951CE",108,93,93,0,-0.985075607170946
"4508952CE",103,86,86,0,-0.985075607170946
"4508953CE",105,85,81,-4,-1.10334893598921
"4508954CE",110,89,93,4,-0.866802278352687
"4508955CE",100,81,89,8,-0.748528949534427
"4508956CE",103,87,82,-5,-1.13291726819377
"4508957CE",113,105,87,-18,-1.51730558685311
"4508958CE",105,91,81,-10,-1.2807589292166
"4508961CE",109,95,79,-16,-1.45816892244398
"4508962CE",114,98,88,-10,-1.2807589292166
"4508963CE",115,96,92,-4,-1.10334893598921
"4508964CE",120,99,99,0,-0.985075607170946
"4508965CE",112,92,97,5,-0.837233946148122
"4508966CE",119,85,103,18,-0.452845627488778
"4508967CE",110,101,85,-16,-1.45816892244398
"4508968CE",103,89,89,0,-0.985075607170946
"4508971CE",107,91,94,3,-0.896370610557251
"4508972CE",112,90,101,11,-0.659823952920732
"4508972CW",136,107,115,8,-0.748528949534427
"4508973CE",112,99,92,-7,-1.1920539326029
"4508974CE",109,95,85,-10,-1.2807589292166
"4508975CE",100,81,90,9,-0.718960617329862
"4508976CE",108,82,97,15,-0.541550624102473
"4508977CE",114,99,99,0,-0.985075607170946
"4508978CE",103,91,79,-12,-1.33989559362572
"4508981CE",105,100,74,-26,-1.75385224448963
"4508982CE",121,96,98,2,-0.925938942761816
"4508983CE",139,135,112,-23,-1.66514724787594
"4508984CE",113,105,85,-20,-1.57644225126224
"4508985CE",101,94,75,-19,-1.54687391905768
"4508986CE",112,94,90,-4,-1.10334893598921
"4508987CE",93,76,72,-4,-1.10334893598921
"4508988CE",108,92,80,-12,-1.33989559362572
"4509011CE",91,67,80,13,-0.600687288511602
"4509012CE",92,76,85,9,-0.718960617329862
"4509013CE",97,68,90,22,-0.334572298670519
"4509014CE",97,67,90,23,-0.305003966465954
"4509016CE",110,88,95,7,-0.778097281738992
"4509017CE",96,73,91,18,-0.452845627488778
"4509021CE",87,56,76,20,-0.393708963079648
"4509022CE",98,79,88,9,-0.718960617329862
"4509023CE",107,80,95,15,-0.541550624102473
"4509024CE",103,87,86,-1,-1.01464393937551
"4509025CE",96,75,83,8,-0.748528949534427
"4509026CE",96,62,84,22,-0.334572298670519
"4509027CE",107,87,94,7,-0.778097281738992
"4509028CE",86,76,72,-4,-1.10334893598921
"4509031CE",83,67,77,10,-0.689392285125297
"4509033CE",102,77,92,15,-0.541550624102473
"4509034CE",95,77,84,7,-0.778097281738992
"4509035CE",85,68,74,6,-0.807665613943557
"4509036CE",90,78,70,-8,-1.22162226480747
"4509037CE",106,85,94,9,-0.718960617329862
"4509038CE",110,78,101,23,-0.305003966465954
"4509042CE",98,70,86,16,-0.511982291897908
"4509044CE",96,72,91,19,-0.423277295284213
"4509045CE",92,63,82,19,-0.423277295284213
"4509046CE",91,77,81,4,-0.866802278352687
"4509047CE",104,93,87,-6,-1.16248560039834
"4509048CE",106,79,96,17,-0.482413959693343
"4509051CE",107,87,88,1,-0.955507274966381
"4509052CE",92,69,84,15,-0.541550624102473
"4509054CE",87,66,80,14,-0.571118956307038
"4509055CE",89,68,86,18,-0.452845627488778
"4509057CE",96,79,86,7,-0.778097281738992
"4509058CE",111,83,95,12,-0.630255620716167
"4509061CE",81,61,69,8,-0.748528949534427
"4509062CE",99,73,86,13,-0.600687288511602
"4509063CE",119,97,102,5,-0.837233946148122
"4509064CE",115,100,99,-1,-1.01464393937551
"4509065CE",117,104,97,-7,-1.1920539326029
"4509066CE",101,84,82,-2,-1.04421227158008
"4509067CE",88,72,76,4,-0.866802278352687
"4509071CE",86,75,66,-9,-1.25119059701203
"4509072CE",102,84,88,4,-0.866802278352687
"4509072NE",108,90,91,1,-0.955507274966381
"4509073CE",97,75,82,7,-0.778097281738992
"4509074CE",109,93,89,-4,-1.10334893598921
"4509075CE",114,98,93,-5,-1.13291726819377
"4509076CE",110,89,99,10,-0.689392285125297
"4509077CE",92,69,77,8,-0.748528949534427
"4509078CE",112,84,85,1,-0.955507274966381
"4509081CE",99,87,85,-2,-1.04421227158008
"4509082CE",114,92,100,8,-0.748528949534427
"4509083CE",107,90,91,1,-0.955507274966381
"4509084CE",111,94,89,-5,-1.13291726819377
"4509085CE",126,99,108,9,-0.718960617329862
"4509086CE",107,97,81,-16,-1.45816892244398
"4509087CE",95,85,69,-16,-1.45816892244398
"4509088CE",127,119,91,-28,-1.81298890889876
"4509111CE",87,69,76,7,-0.778097281738992
"4509112CE",86,72,64,-8,-1.22162226480747
"4509113CE",105,76,98,22,-0.334572298670519
"4509114CE",88,66,80,14,-0.571118956307038
"4509115CE",89,66,74,8,-0.748528949534427
"4509121CE",77,67,60,-7,-1.1920539326029
"4509122CE",99,83,85,2,-0.925938942761816
"4509123CE",96,79,81,2,-0.925938942761816
"4509124CE",114,95,98,3,-0.896370610557251
"4509125CE",86,70,75,5,-0.837233946148122
"4509126CE",89,72,74,2,-0.925938942761816
"4509127CE",84,64,73,9,-0.718960617329862
"4509128CE",97,70,90,20,-0.393708963079648
"4509132CE",108,84,94,10,-0.689392285125297
"4509133CE",107,86,95,9,-0.718960617329862
"4509134CE",103,82,91,9,-0.718960617329862
"4509135CE",111,82,101,19,-0.423277295284213
"4509137CE",93,69,83,14,-0.571118956307038
"4509141CE",103,74,97,23,-0.305003966465954
"4509142CE",119,102,102,0,-0.985075607170946
"4509143CE",105,92,86,-6,-1.16248560039834
"4509144NW",91,67,85,18,-0.452845627488778
"4509145CE",117,80,111,31,-0.0684573088294345
"4509147CE",106,81,94,13,-0.600687288511602
"4509148CE",113,88,99,11,-0.659823952920732
"4509151CE",109,95,86,-9,-1.25119059701203
"4509152CE",100,83,89,6,-0.807665613943557
"4509153CE",119,98,92,-6,-1.16248560039834
"4509154CE",92,80,80,0,-0.985075607170946
"4509158CE",116,92,104,12,-0.630255620716167
"4509161CE",83,61,79,18,-0.452845627488778
"4509163CE",104,76,96,20,-0.393708963079648
"4509164CE",96,71,82,11,-0.659823952920732
"4509165CE",122,101,97,-4,-1.10334893598921
"4509166CE",105,76,93,17,-0.482413959693343
"4509168CE",83,64,75,11,-0.659823952920732
"4509171CE",120,96,92,-4,-1.10334893598921
"4509172CE",105,89,90,1,-0.955507274966381
"4509174CE",104,90,93,3,-0.896370610557251
"4509177CE",102,82,89,7,-0.778097281738992
"4509178CE",112,93,94,1,-0.955507274966381
"4509181CE",116,102,89,-13,-1.36946392583029
"4509183CE",91,71,82,11,-0.659823952920732
"4509184CE",86,68,73,5,-0.837233946148122
"4509185CE",113,93,100,7,-0.778097281738992
"4509186CE",98,76,83,7,-0.778097281738992
"4509187CE",93,73,81,8,-0.748528949534427
"4509188CE",105,69,93,24,-0.275435634261389
"4509212CE",107,87,97,10,-0.689392285125297
"4509213CE",85,61,80,19,-0.423277295284213
"4509214CE",113,80,98,18,-0.452845627488778
"4509215CE",99,74,93,19,-0.423277295284213
"4509217CE",97,73,89,16,-0.511982291897908
"4509221CE",93,72,85,13,-0.600687288511602
"4509222CE",87,68,82,14,-0.571118956307038
"4509223CE",110,79,101,22,-0.334572298670519
"4509224CE",102,77,89,12,-0.630255620716167
"4509226CE",120,92,107,15,-0.541550624102473
"4509233CE",106,71,103,32,-0.0388889766248696
"4509236CE",105,85,90,5,-0.837233946148122
"4509241CE",101,79,93,14,-0.571118956307038
"4509242CE",101,75,95,20,-0.393708963079648
"4509243CE",112,81,103,22,-0.334572298670519
"4509244CE",122,77,110,33,-0.0093206444203047
"4509251CE",104,87,89,2,-0.925938942761816
"4509255CE",88,67,73,6,-0.807665613943557
"4509261CE",93,71,85,14,-0.571118956307038
"4509265CE",112,78,104,26,-0.216298969852259
"4509267CE",117,92,105,13,-0.600687288511602
"4509267NE",130,116,114,-2,-1.04421227158008
"4509273CE",107,88,87,-1,-1.01464393937551
"4509274CE",120,95,99,4,-0.866802278352687
"4509275CE",101,78,93,15,-0.541550624102473
"4509281CE",98,79,76,-3,-1.07378060378464
"4509282CE",90,66,64,-2,-1.04421227158008
"4509283CE",87,72,72,0,-0.985075607170946
"4509284CE",112,93,96,3,-0.896370610557251
"4509285CE",122,97,105,8,-0.748528949534427
"4509286SE",146,98,141,43,0.286362677625344
"4608818CE",85,60,77,17,-0.482413959693343
"4608911CE",124,100,108,8,-0.748528949534427
"4608912CE",104,91,79,-12,-1.33989559362572
"4608913CE",127,117,106,-11,-1.31032726142116
"4608914CE",107,88,89,1,-0.955507274966381
"4608915CE",104,96,82,-14,-1.39903225803485
"4608916CE",103,86,88,2,-0.925938942761816
"4608917CE",106,87,86,-1,-1.01464393937551
"4608918CE",136,94,120,26,-0.216298969852259
"4608925CE",107,89,91,2,-0.925938942761816
"4608926CE",89,75,78,3,-0.896370610557251
"4608927CE",105,80,89,9,-0.718960617329862
"4608928CE",103,83,86,3,-0.896370610557251
"4609011CE",115,83,94,11,-0.659823952920732
"4609011CW",109,88,85,-3,-1.07378060378464
"4609012CE",100,79,84,5,-0.837233946148122
"4609013CE",105,93,75,-18,-1.51730558685311
"4609014CE",118,89,106,17,-0.482413959693343
"4609015CE",115,89,101,12,-0.630255620716167
"4609016CE",100,78,90,12,-0.630255620716167
"4609017CE",90,58,75,17,-0.482413959693343
"4609018CE",93,78,80,2,-0.925938942761816
"4609021CE",99,79,73,-6,-1.16248560039834
"4609022CE",97,79,72,-7,-1.1920539326029
"4609023CE",87,73,72,-1,-1.01464393937551
"4609024CE",92,73,81,8,-0.748528949534427
"4609025CE",99,84,84,0,-0.985075607170946
"4609026CE",95,80,77,-3,-1.07378060378464
"4609027CE",101,75,83,8,-0.748528949534427
"4609028CE",112,79,103,24,-0.275435634261389
"4609031CE",88,71,79,8,-0.748528949534427
"4609033CE",88,78,74,-4,-1.10334893598921
"4609035CE",89,74,81,7,-0.778097281738992
"4609036CE",100,87,81,-6,-1.16248560039834
"4609037CE",101,74,91,17,-0.482413959693343
"4609038CE",113,85,87,2,-0.925938942761816
"4609043CE",93,66,84,18,-0.452845627488778
"4609044CE",91,78,78,0,-0.985075607170946
"4609046CE",89,80,74,-6,-1.16248560039834
"4609047CE",95,69,85,16,-0.511982291897908
"4609048CE",104,81,93,12,-0.630255620716167
"4609055CE",91,76,71,-5,-1.13291726819377
"4609056CE",98,87,82,-5,-1.13291726819377
"4609057CE",110,88,93,5,-0.837233946148122
"4609058CE",169,104,162,58,0.729887660693818
"4609068CE",134,88,122,34,0.0202476877842602
"4609085CE",89,65,75,10,-0.689392285125297
"4609088CE",128,84,116,32,-0.0388889766248696
"4609111CE",100,78,86,8,-0.748528949534427
"4609112CE",115,99,93,-6,-1.16248560039834
"4609113CE",103,93,81,-12,-1.33989559362572
"4609114CE",107,97,88,-9,-1.25119059701203
"4609115CE",118,101,93,-8,-1.22162226480747
"4609117CE",78,60,67,7,-0.778097281738992
"4609121CE",108,79,101,22,-0.334572298670519
"4609122CE",112,86,99,13,-0.600687288511602
"4609123CE",101,86,84,-2,-1.04421227158008
"4609124CE",123,93,112,19,-0.423277295284213
"4609126CE",104,83,90,7,-0.778097281738992
"4609127CE",117,96,100,4,-0.866802278352687
"4609131CE",103,80,89,9,-0.718960617329862
"4609132CE",103,70,94,24,-0.275435634261389
"4609133CE",96,82,77,-5,-1.13291726819377
"4609134CE",102,87,81,-6,-1.16248560039834
"4609135CE",106,85,92,7,-0.778097281738992
"4609138CE",109,86,99,13,-0.600687288511602
"4609141CE",95,77,82,5,-0.837233946148122
"4609142CE",116,87,109,22,-0.334572298670519
"4609143CE",99,76,86,10,-0.689392285125297
"4609144CE",91,69,74,5,-0.837233946148122
"4609145CE",98,75,81,6,-0.807665613943557
"4609146CE",116,101,108,7,-0.778097281738992
"4609147CE",111,94,100,6,-0.807665613943557
"4609148CE",115,105,97,-8,-1.22162226480747
"4609151CE",108,85,96,11,-0.659823952920732
"4609152CE",88,73,80,7,-0.778097281738992
"4609152NW",112,81,104,23,-0.305003966465954
"4609153CE",89,71,78,7,-0.778097281738992
"4609153NE",115,93,99,6,-0.807665613943557
"4609154CE",115,95,102,7,-0.778097281738992
"4609156CE",109,95,96,1,-0.955507274966381
"4609158CE",112,86,107,21,-0.364140630875083
"4609162CE",94,84,77,-7,-1.1920539326029
"4609163CE",83,62,75,13,-0.600687288511602
"4609164CE",103,76,96,20,-0.393708963079648
"4609165CE",97,79,87,8,-0.748528949534427
"4609166CE",128,105,115,10,-0.689392285125297
"4609167CE",115,93,98,5,-0.837233946148122
"4609171CE",115,85,105,20,-0.393708963079648
"4609172CE",108,78,93,15,-0.541550624102473
"4609172NE",119,107,85,-22,-1.63557891567137
"4609173CE",115,97,100,3,-0.896370610557251
"4609213CE",104,81,89,8,-0.748528949534427
"4609221CE",105,85,86,1,-0.955507274966381
"4609222CE",112,99,99,0,-0.985075607170946
"4609232CE",83,59,75,16,-0.511982291897908
"4609241CE",101,80,82,2,-0.925938942761816
"4609242CE",111,88,103,15,-0.541550624102473
"4609251CE",95,76,90,14,-0.571118956307038
"4609252CE",110,91,101,10,-0.689392285125297
"4609253CE",116,72,103,31,-0.0684573088294345
"4609262CE",131,107,110,3,-0.896370610557251
"4609262SE",109,90,90,0,-0.985075607170946
"4709014CE",76,59,56,-3,-1.07378060378464
